,All Cases Total,All Cases,All Cases - DVVOOP,DV/VOOP,All Cases Detainable - PS,All Cases Detainable - Public Safety,All Cases Felon,Felony
Not petitioned,11988,73.10201842,7193,83.25231481,4795,61.79920093,14030,80.58124174
Petitioned not detained,1779,10.84822245,893,10.33564815,886,11.41899729,1063,6.105335707
Detained,2632,16.04975913,554,6.412037037,2078,26.78180178,2318,13.31342255
