Year,Total Cases,Total Cases Petitioned,Total Cases Detained,Total Detainable Cases,Total Detainable Cases Petitioned,Total Detainable Cases Detained,Percent of Cases Petitioned,Percent of Petitions Detained,Percent of Cases Detained,Percent of Detainable Cases Petitioned,Percent of Detainable Petitions Detained,Percent of Detainable Cases Detained,Cases Petitioned 2023Q3 - 2024Q3 Rate,Differences in Cases Petitioned,Petitions Granted 2023Q3 - 2024Q3 Rate,Differences in Petitions Granted,Cases Detained 2023Q3 - 2024Q3 Rate,Difference in Cases Detained,Detainable Cases Petitioned2023Q3 - 2024Q3 Rate,Differences in Detainable Cases Petitioned,Detainable Petitions Granted 2023Q3 - 2024Q3Rate,Differences in Detainable Petitions Granted,Detainable Cases Detained 2023Q3 - 2024Q3 Rate,Difference in Detainable Cases Detained
2023 Q4,6402,1474,887,4787,1424,851,23.02405498,60.17639077,13.8550453,29.74723209,59.76123596,17.77731356,,,,,,,,,,,,
2024 Q1,6801,1493,892,5055,1457,872,21.95265402,59.7454789,13.11571828,28.82294758,59.8490048,17.25024728,,,,,,,,,,,,
2024 Q2,7142,1529,961,5392,1488,930,21.40856903,62.85153695,13.45561467,27.59643917,62.5,17.24777448,,,,,,,,,,,,
2024 Q3,7597,1732,1018,5687,1680,980,22.79847308,58.77598152,13.40002633,29.54105855,58.33333333,17.23228416,1681.096524,50.90347596,1055.211801,-37.21180093,1023.730652,-5.730651855,1633.431871,46.56812899,1019.817348,-39.81734825,990.9661065,-10.96610652
2024 Q4,6917,1937,1088,4992,1892,1053,28.00346971,56.16933402,15.72936244,37.90064103,55.65539112,21.09375,1530.623227,406.3767728,1180.106962,-92.10696212,932.0975278,155.9024722,1433.812537,458.1874626,1148.508585,-95.50858506,869.8615797,183.1384203
2025 Q1,7279,2371,1477,5021,2316,1435,32.57315565,62.29439055,20.2912488,46.12626967,61.96027634,28.57996415,1610.728129,760.2718707,1444.519157,32.48084296,980.8786909,496.1213091,1442.141977,873.8580228,1405.891059,29.10894134,874.9148621,560.0851379
2025 Q2,7415,2400,1610,5287,2326,1556,32.36682401,67.08333333,21.71274444,43.99470399,66.89595873,29.43067902,1640.822789,759.1772113,1462.187253,147.812747,999.2053157,610.7946843,1518.543046,807.4569541,1411.9614,144.0386,921.2656594,634.7343406
